2025-05-06 12:42:44.779823,127.0.0.1,61746,
2025-05-06 12:43:34.761104,127.0.0.1,61761,
2025-05-06 12:47:09.839997,127.0.0.1,61835,
2025-05-06 12:56:47.123904,127.0.0.1,61959,
2025-05-06 12:57:50.630024,127.0.0.1,62001,
2025-05-06 13:58:40.041762,127.0.0.1,62184,[A
2025-05-06 14:00:02.278933,127.0.0.1,62221,g
2025-05-06 14:00:17.894849,127.0.0.1,62239,G
2025-05-06 14:00:30.627123,127.0.0.1,62240,
2025-05-06 14:01:09.512673,127.0.0.1,62243,
2025-05-06 14:04:25.184035,127.0.0.1,62256,a
2025-05-06 14:40:59.188077,127.0.0.1,62498,
2025-05-06 14:48:18.352002,127.0.0.1,62660,
2025-05-06 14:51:16.269417,127.0.0.1,62665,
2025-05-07 12:37:37.758248,127.0.0.1,62158,
2025-05-07 12:44:20.609548,127.0.0.1,62454,a
